shoe_sku,shoe_name,shoe_brand,shoe_type,shoe_gender
17A3MF10081926,Cloudzone,On Running,Sneakers,Men
108IH2560,Barricade 13,Adidas,Tennis Shoes,Men
1151041A466200,Solution Swift FF 2,Asics,Tennis Shoes,Men
1HK1162032BBLC,Clifton 10 Wide,Hoka,Running Shoes,Men
1HK1155119SYWR,Mach X 2,Hoka,Running Shoes,Men
112U9060EEL,9060,New Balance,Sneakers,Unisex
13ZS20964603,Triumph 22,Saucony,Running Shoes,Men
1HK1162030FGZ,Clifton 10,Hoka,Running Shoes,Men
1HK1162030MTFL,Clifton 10,Hoka,Running Shoes,Men
13ZS790637,Grid Fusion,Saucony,Sneakers,Unisex
112U2002RRD,2002R,New Balance,Sneakers,Unisex
112UWRPDSBB,WRPD Runner,New Balance,Sneakers,Unisex
112UWRPDSBC,WRPD Runner,New Balance,Sneakers,Unisex
185220530BKGY,Max Cushion Premier 2.0,Skechers,Running Shoes,Men
1HK1162030STLLR,Clifton 10,Hoka,Running Shoes,Men
17A3MF10071043,Cloud 6,On Running,Sneakers,Men
129L47750200,Techamphibian 5,Salomon,Hiking Shoes,Men
129L47797800,X Ultra 5 GORE-TEX,Salomon,Hiking Shoes,Men
129L47816700,X Ultra 360 Edge GORE-TEX,Salomon,Hiking Shoes,Men
17A3MF10071200,Cloud 6,On Running,Sneakers,Men
129L47740700,Reelax Slide 6.0,Salomon,Hiking Shoes,Men
129L47112000,Reelax Slide 6.0,Salomon,Hiking Shoes,Men
129L47813100,X-Adventure Recon GORE-TEX,Salomon,Hiking Shoes,Men
1HK1162030HSK,Clifton 10,Hoka,Running Shoes,Men
1HK1162030BBLC,Clifton 10,Hoka,Running Shoes,Men
108IE1230,F50 League Turf Boots,Adidas,Football Shoes,Men
108JR6366,Adizero Adios Pro 4,Adidas,Running Shoes,Men
108ID1320,Predator League Fold-Over Tongue Firm/Multi-Ground Boots,Adidas,Football Shoes,Men
108ID3767,Predator League Turf Boots,Adidas,Football Shoes,Unisex
108ID3780,Predator League Indoor Football Boots,Adidas,Football Shoes,Men
108ID3836,Predator League Artificial Grass Boots,Adidas,Football Shoes,Unisex
108ID3881,Predator Elite Firm Ground Boots,Adidas,Football Shoes,Men
108IE1221,F50 Club Indoor Boots,Adidas,Football Shoes,Unisex
108JR3915,Anthony Edwards 1 Low Trainers,Adidas,Basketball Shoes,Men
108ID1330,Predator League Firm/Multi-Ground Boots,Adidas,Football Shoes,Unisex
108ID9045,Copa Pure 3 League Turf Boots,Adidas,Football Shoes,Unisex
108ID9050,Copa Pure 3 League Firm/Multi-Ground Boots,Adidas,Football Shoes,Men
108IE1263,F50 League Artificial Grass Boots,Adidas,Football Shoes,Men
108IE1290,F50 League Firm/Multi-Ground Boots,Adidas,Football Shoes,Men
108JR6365,Adizero Adios Pro 4,Adidas,Running Shoes,Men
108JR6367,Adizero Adios Pro 4,Adidas,Running Shoes,Men
1151011B960003,Gel-Cumulus 27,Asics,Running Shoes,Men
1151041A481111,Gel-Resolution X,Asics,Tennis Shoes,Men
1151041A481300,Gel-Resolution X,Asics,Tennis Shoes,Men
112M1000MEN,1000,New Balance,Sneakers,Men
112M1000MEW,1000,New Balance,Sneakers,Men
112U530NEA,530,New Balance,Sneakers,Unisex
112U530NEB,530,New Balance,Sneakers,Unisex
1151011B960020,Gel-Cumulus 27,Asics,Running Shoes,Men
1151041A438300,Solution Speed FF 3,Asics,Tennis Shoes,Men
112U1906RNE,1906R,New Balance,Sneakers,Unisex
112U1906RNF,1906R,New Balance,Sneakers,Unisex
112U327GPA,327,New Balance,Sneakers,Unisex
112U327GPB,327,New Balance,Sneakers,Unisex
112U530NEC,530,New Balance,Sneakers,Unisex
112RCVRYSC1,Fresh Foam RCVRY Slide,New Balance,Sandals,Men
112RCVRYSK1,Fresh Foam RCVRY Slide,New Balance,Sandals,Men
112M1000MEG,1000,New Balance,Sneakers,Men
112U370CA,370,New Balance,Sneakers,Unisex
112U370CC,370,New Balance,Sneakers,Unisex
1151041A370020,Court FF 3,Asics,Tennis Shoes,Men
1151041A487300,Gel-Resolution X (2E),Asics,Tennis Shoes,Men
1151041A522966,Court FF 3 Novak,Asics,Tennis Shoes,Men
185216352TPE,Go Walk Max Cush Arch Fit,Skechers,Running Shoes,Men
185220421WMLT,Max Cushioning Glide-Step,Skechers,Casual Footwear,Men
185216352WHT,Go Walk Max Cush Arch Fit,Skechers,Running Shoes,Men
185220530GRY,Max Cushion Premier 2.0,Skechers,Running Shoes,Men
112U370AG,370,New Balance,Sneakers,Unisex
1HK1141530SLBS,Stinson 7,Hoka,Hiking Shoes,Men
1HK1147790BBLC,Mach 6,Hoka,Running Shoes,Men
1HK1162850WMC,Project Transport,Hoka,Casual Footwear,Unisex
1HK1162850ATRT,Project Transport,Hoka,Casual Footwear,Unisex
1HK1126851CYLB,Mafate Speed 2,Hoka,Hiking Shoes,Unisex
17A3MF10121043,Cloudsurfer 2,On Running,Running Shoes,Men
17A3ME10122906,Cloudmonster 2,On Running,Running Shoes,Men
13ZS2094025,Endorphin Speed 4,Saucony,Running Shoes,Men
112M1000PSB,1000,New Balance,Sneakers,Men
112M1000PSP,1000,New Balance,Sneakers,Men
1151011B974300,Novablast 5,Asics,Running Shoes,Men
108JQ6133,A.E. 1 Low,Adidas,Basketball Shoes,Men
108JQ6135,A.E. 1 Low,Adidas,Basketball Shoes,Men
112U1906NB,1906 Utility,New Balance,Sneakers,Unisex
112U1906NC,1906 Utility,New Balance,Sneakers,Unisex
108JI2262,Adilette Comfort,Adidas,Slippers,Men
112U1906NA,1906 Utility,New Balance,Sneakers,Unisex
108JI3526,Gazelle Indoor,Adidas,Sneakers,Men
108JI3522,Gazelle Indoor,Adidas,Sneakers,Men
129L47816600,X Ultra 360 Edge GORE-TEX,Salomon,Hiking Shoes,Men
1151011B867023,Gel-Kayano 31,Asics,Running Shoes,Men
112U574RUS,574,New Balance,Sneakers,Unisex
13ZS2093930,Endorphin Pro 4,Saucony,Running Shoes,Men
13ZS30994135,Endorphin Elite 2,Saucony,Running Shoes,Unisex
13ZS30994130,Endorphin Elite 2,Saucony,Running Shoes,Unisex
1HK1162011FNF,Bondi 9,Hoka,Running Shoes,Men
1HK1155119GFRT,Mach X 2,Hoka,Running Shoes,Men
1HK1155370BBNB,Clifton One9,Hoka,Casual Footwear,Unisex
112U574GDG,574,New Balance,Sneakers,Unisex
112U574YGD,574,New Balance,Sneakers,Unisex
1151011B958020,Gel-Nimbus 27,Asics,Running Shoes,Men
1151063A101103,Gelhoop V17 S,Asics,Basketball Shoes,Men
1151071A104103,Upcourt 6,Asics,Badminton Shoes,Men
1151071A104102,Upcourt 6,Asics,Badminton Shoes,Men
1CS2114480HZ,Crush Bouquet Clog,Crocs,Sandals,Unisex
17A3MF10671014,Cloudmonster Void,On Running,Running Shoes,Men
1HK1141570FFR,Ora Primo,Hoka,Sneakers,Unisex
17A3MF10123205,Cloudsurfer 2,On Running,Running Shoes,Men
10K10837901,FUTURE 8 PLAY IT Football Boots,PUMA come from PUMA merchant,未知類型,Men
10K10832601,ULTRA 5 PLAY IT Football Boots,PUMA come from PUMA merchant,未知類型,Men
10K10837001,FUTURE 8 MATCH TT Football Boots,PUMA come from PUMA merchant,未知類型,Men
10K10837101,FUTURE 8 MATCH IT Football Boots,PUMA come from PUMA merchant,未知類型,Men
10K10837601,FUTURE 8 PLAY MG Football Boots,PUMA come from PUMA merchant,未知類型,Men
1CS2099645BR,InMotion Clog,Crocs,Sandals,Unisex
10K10832801,ULTRA 5 PLAY MG Football Boots,PUMA come from PUMA merchant,未知類型,Men
10K10834801,ULTRA 5 MATCH MG Football Boots,PUMA come from PUMA merchant,未知類型,Men
10K10836801,FUTURE 8 MATCH MG Football Boots,PUMA come from PUMA merchant,未知類型,Men
1CB2062922221,Vertisol Trail Wide,Columbia,Hiking Shoes,Men
112ML610TAX,610,New Balance,Sneakers,Men
1151071A103101,Gel-Task 4,Asics,Volleyball Shoes,Men
1CB2062922012,Vertisol Trail Wide,Columbia,Hiking Shoes,Men
1661164811DKSW,Hydratrek Sandal CT,Teva,Hiking Shoes,Men
1661164811CHG,Hydratrek Sandal CT,Teva,Hiking Shoes,Men
112M680RC8,Fresh Foam 680 v8,New Balance,Running Shoes,Men
112ML610TAV,610 v1,New Balance,Sneakers,Men
112ML610TAW,610 v1,New Balance,Sneakers,Men
1CS110331NK,Crocband Flip,Crocs,Sandals,Unisex
112U574BLG,574,New Balance,Sneakers,Unisex
129L47809200,X-Adventure Recon GORE-TEX,Salomon,Hiking Shoes,Men
1151071A093402,Blade FF,Asics,Badminton Shoes,Men
1151071A093103,Blade FF,Asics,Badminton Shoes,Men
1151011B983020,Dynablast 5,Asics,Running Shoes,Men
1151011B983300,Dynablast 5,Asics,Running Shoes,Men
112ML725CG,725,New Balance,Sneakers,Men
108EG6517,Adissage Slides,Adidas,Slippers,Unisex
108ID4066,Cloudfoam Walk Sock,Adidas,Sneakers,Men
10K31078905,Electrify NITRO™ 4 Men's Running Shoes,PUMA come from PUMA merchant,未知類型,Men
10K31010905,ForeverRun NITRO™ 2 Men's Running Shoes,PUMA come from PUMA merchant,未知類型,Men
108ID4064,Cloudfoam Walk Sock,Adidas,Sneakers,Men
10K31078906,Electrify NITRO™ 4 Men's Running Shoes,PUMA come from PUMA merchant,未知類型,Men
10K31010902,ForeverRun NITRO™ 2 Men's Running Shoes,PUMA come from PUMA merchant,未知類型,Men
10K31010904,ForeverRun NITRO™ 2 Men's Running Shoes,PUMA come from PUMA merchant,未知類型,Men
1151063A096101,Gelhoop V17,Asics,Basketball Shoes,Men
108JI3538,Superstar II,Adidas,Sneakers,Unisex
108JI0079,Superstar II,Adidas,Sneakers,Unisex
108IH8659,Superstar II,Adidas,Sneakers,Unisex
108JQ6140,A.E. 1 Low,Adidas,Basketball Shoes,Men
1HK1162011WWH,Bondi 9,Hoka,Running Shoes,Men
112U370PB,370,New Balance,Sneakers,Unisex
1HK1147791WFR,Speedgoat 6,Hoka,Hiking Shoes,Men
1HK1155370BWHT,Clifton One9,Hoka,Casual Footwear,Unisex
1HK1162850SSTST,Project Transport,Hoka,Casual Footwear,Unisex
13ZS20996130,Endorphin Trainer,Saucony,Running Shoes,Men
1151011B977002,Gel-Sonoma 8 GORE-TEX,Asics,Hiking Shoes,Men
1HK1162011OLTM,Bondi 9,Hoka,Running Shoes,Men
1151073A065104,Gel-Rocket 11,Asics,Volleyball Shoes,Unisex
1HK1141572OLY,Mafate Three2,Hoka,Trail Running Shoes,Unisex
1HK1155370FCG,Clifton One9,Hoka,Casual Footwear,Unisex
1151073A065101,Gel-Rocket 11,Asics,Volleyball Shoes,Unisex
1HK1162850CRBN,Project Transport,Hoka,Casual Footwear,Unisex
10K37774819,Velocity NITRO™ 3 Men's Running Shoes,PUMA come from PUMA merchant,未知類型,Men
10K30970716,Deviate NITRO™ 3 Men's Running Shoes,PUMA come from PUMA merchant,未知類型,Men
10K30980904,Deviate NITRO™ Elite 3 Men's Running Shoes,PUMA come from PUMA merchant,未知類型,Men
10K30970714,Deviate NITRO™ 3 Men's Running Shoes,PUMA come from PUMA merchant,未知類型,Men
10K37774817,Velocity NITRO™ 3 Men's Running Shoes,PUMA come from PUMA merchant,未知類型,Men
10K30970715,Deviate NITRO™ 3 Men's Running Shoes,PUMA come from PUMA merchant,未知類型,Men
10K37774818,Velocity NITRO™ 3 Men's Running Shoes,PUMA come from PUMA merchant,未知類型,Men
112U1906WFC,1906W,New Balance,Sneakers,Unisex
112MMORCF5,Fresh Foam X More v5,New Balance,Running Shoes,Men
112U740ST2,740,New Balance,Sneakers,Unisex
112UWRPDTBA,WRPD Runner,New Balance,Sneakers,Unisex
112U740HB2,740,New Balance,Sneakers,Unisex
112M1000EGY,1000,New Balance,Sneaker,Men
112UWRPDTBC,WRPD Runner,New Balance,Sneakers,Unisex
112M1000ENV,1000,New Balance,Sneakers,Men
112U740CG2,740,New Balance,Sneakers,Unisex
1151011B867200,Gel-Kayano 31,Asics,Running Shoes,Men
1151101A047106,DS Light X-FLY 5,Asics,Football Shoes,Men
108JI4476,Adizero Boston 12,Adidas,Running Shoes,Men
108JS3041,Gazelle Real Madrid Terrace Icons Shoes,Adidas,Football Shoes,Unisex
108JS3042,Gazelle Arsenal Terrace Icons Shoes,Adidas,Football Shoes,Unisex
112ML725CF,725,New Balance,Sneakers,Men
1CS21089690H,Haribo Classic Clog,Crocs,Sandals,Unisex
1151011B978002,Gel-Trabuco 13 GORE-TEX,Asics,Hiking Shoes,Men
1151011C100001,Gel-Kayano 31 Lite-Show CN,Asics,Running Shoes,Men
108JP7149,Adizero Evo SL,Adidas,Running Shoes,Men
108JI1384,Ultraboost 5 GORE-TEX,Adidas,Running Shoes,Men
1151011C093001,Gel-Nimbus 27 Lite-Show CN,Asics,Running Shoes,Men
1151011C101001,Gt-2000 13 Lite-Show CN,Asics,Running Shoes,Men
1151273A055600,Winjob CP113,Asics,Working Shoes,Unisex
1151273A056300,Winjob CP112,Asics,Working Shoes,Unisex
1661164651BLK,Apretrail Slide,Teva,Slippers,Men
112U9060ZGE,9060,New Balance,Sneakers,Unisex
108JQ7439,Campus 00s,Adidas,Sneakers,Unisex
1661164651DOL,Apretrail Slide,Teva,Slippers,Men
108ID3882,Predator Elite Firm Ground Boots,Adidas,Football Shoes,Unisex
1151273A006600,Winjob CP210,Asics,Working Shoes,Unisex
108ID3782,Predator League Indoor Football Boots,Adidas,Football Shoes,Men
108ID1319,Predator League Fold-Over Tongue Firm/Multi-Ground Boots,Adidas,Football Shoes,Men
108ID3745,Predator League Firm/Multi-Ground Boots,Adidas,Football Shoes,Unisex
108ID3837,Predator League Artificial Grass Boots,Adidas,Football Shoes,Men
108ID9049,Copa Pure 3 League Firm/Multi-Ground Boots,Adidas,Football Shoes,Unisex
108IE1228,F50 League Indoor Boots,Adidas,Football Shoes,Unisex
108IE1231,F50 League Turf Boots,Adidas,Football Shoes,Men
108IE1262,F50 League Artificial Grass Boots,Adidas,Football Shoes,Unisex
1151041A489110,Game FF,Asics,Tennis Shoes,Men
1151041A489500,Game FF,Asics,Tennis Shoes,Men
108ID3769,Predator League Turf Boots,Adidas,Football Shoes,Unisex
108IE1168,Copa Pure 3 Club Turf Boots,Adidas,Football Shoes,Unisex
108IE1289,F50 League Firm/Multi-Ground Boots,Adidas,Football Shoes,Men
112M411RM3,411,New Balance,Running Shoes,Men
112U2002RBL,2002R,New Balance,Sneakers,Unisex
1151041A405500,Gel-Challenger 14,Asics,Tennis Shoes,Men
129L47727400,X Ultra 5 Wide GORE-TEX,Salomon,Hiking Shoes,Men
129L47817500,XA Pro 3D V9 GORE-TEX,Salomon,Hiking Shoes,Men
1151063A070200,Unpre ARS 2,Asics,Basketball Shoes,Men
1151103A112105,DS Light Club TF (2E),Asics,Football Shoes,Unisex
129L47725800,X Ultra 5 GORE-TEX,Salomon,Hiking Shoes,Men
112U2002RGR,2002R,New Balance,Sneakers,Unisex
1151011B858021,Gt-1000 13,Asics,Running Shoes,Men
112U327SKB,327,New Balance,Sneakers,Unisex
1151011B861004,Gt-2000 13,Asics,Running Shoes,Men
1151071A104500,Upcourt 6,Asics,badminton Shoes,Men
1151103A110103,DS Light Pro (2E),Asics,Football Shoes,Unisex
15681GA253001,Crossmatch Smash,Mizuno,Table Tennis Shoes,Unisex
112U327SKC,327,New Balance,Sneakers,Unisex
1HK1155350BLTR,Stinson EVO OG,Hoka,Trail Running Shoes,Unisex
1HK1147911LMTH,Skyward X,Hoka,Running Shoes,Men
1HK1134497OMN,Challenger ATR 7,Hoka,Hiking Shoes,Men
1HK1141632FRWL,Anacapa 2 Low GORE-TEX,Hoka,Hiking Shoes,Men
1CS21082990H,Minecraft Classic Clog,Crocs,涼鞋,Unisex
1HK1147791OMN,Speedgoat 6,Hoka,Hiking Shoes,Men
1CB2076892010,Strata Trail Low WP Wide,Columbia,Hiking Shoes,Men
1151011C096200,Gel-Nimbus 27,Asics,Running Shoes,Men
108IH7799,Vento XLG Deluxe,Adidas,Running Shoes,Unisex
1151011C098200,Gt-2000 13,Asics,Running Shoes,Men
1CB2100712091,Peakfreak II Outdry Wide,Columbia,Hiking Shoes,Men
108ID8760,Galaxy 7,Adidas,Running Shoes,Men
1HK1162011GCTC,Bondi 9,Hoka,Running Shoes,Men
17A6199025,Cloudmonster,On Running,Running Shoes,Men
1151011B958300,Gel-Nimbus 27,Asics,Running Shoes,Men
1HK1162011LNMT,Bondi 9,Hoka,Running Shoes,Men
1151011B867302,Gel-Kayano 31,Asics,Running Shoes,Men
1HK1162011BBLC,Bondi 9,Hoka,Running Shoes,Men
17A3ME30023209,Cloudsurfer Next,On Running,Running Shoes,Men
17A6198434,Cloudmonster,On Running,Running Shoes,Men
1151011B861301,Gt-2000 13,Asics,Running Shoes,Men
1151041A438103,Solution Speed FF 3,Asics,Tennis Shoes,Men
1151041A481100,Gel-Resolution X,Asics,Tennis Shoes,Men
112U530CSE,530,New Balance,Sneakers,Unisex
1151071A104401,Upcourt 6,Asics,badminton Shoes,Men
1151011C098100,GT-2000 13,Asics,Running Shoes,Men
1151011B867101,Gel-Kayano 31,Asics,Running Shoes,Men
1151011B958100,Gel-Nimbus 27,Asics,Running Shoes,Men
1151011B974400,Novablast 5,Asics,Running Shoes,Men
1151041A370100,Court FF 3,Asics,Tennis Shoes,Men
1151051A080103,Sky Elite FF 3,Asics,Volleyball Shoes,Men
1151063A070103,Unpre ARS 2,Asics,Basketball Shoes,Unisex
13ZS707399,Progrid Omni 9,Saucony,Sneakers,Unisex
13ZS709071,Progrid Omni 9,Saucony,Sneakers,Unisex
112U530HFW,530,New Balance,Sneakers,Unisex
112U740IN2,740,New Balance,Sneakers,Unisex
112MTTTRSLK,Tektrel,New Balance,Sneakers,Men
112U530HFZ,530,New Balance,Sneakers,Unisex
1151011B858004,GT-1000 13,Asics,Running Shoes,Men
1151053A055105,Netburner Ballistic FF 3,Asics,Volleyball Shoes,Unisex
13ZS2094011,Endorphin Speed 4,Saucony,Running Shoes,Men
185232446GYCC,D'Lux Walker 2.0,Skechers,Casual Footwear,Men
1151011B974002,Novablast 5,Asics,Running Shoes,Men
108JH7428,Stan Smith,Adidas,Sneakers,Unisex
1151011B875401,Magic Speed 4,Asics,Running Shoes,Men
1151071A101102,Powerbreak FF,Asics,badminton Shoes,Men
108JR8028,Gazelle Indoor,Adidas,Sneakers,Unisex
108JH5435,Handball Spezial,Adidas,Sneakers,Unisex
108JH6024,Ultrarun 5,Adidas,Running Shoes,Men
1151011B956002,Gel-Nimbus 27 (2E),Asics,Running Shoes,Men
1151041A487500,Gel-Resolution X (2E),Asics,Tennis Shoes,Men
112U574VPA,574,New Balance,Sneakers,Unisex
112UA950SA1,950,New Balance,Running Shoes,Men
112U574VPG,574,New Balance,Sneakers,Unisex
112UWRPDHSB,WRPD Runner,New Balance,Sneakers,Unisex
112MFCPRCW5,FuelCell Propel v5,New Balance,Running Shoes,Men
112UWRPDHSA,WRPD Runner,New Balance,Sneakers,Unisex
1151011B956001,Gel-Nimbus 27 (2E),Asics,Running Shoes,Men
112MTHIGF8,Fresh Foam X Hierro V8 GORE-TEX®,New Balance,Sneakers,Men
112U574LGGS,574,New Balance,Sneakers,Unisex
112U574BKR,574,New Balance,Sneakers,Unisex
112M1080C14,Fresh Foam X 1080 v14,New Balance,Running Shoes,Men
112MW880BK6,Fresh Foam Walking 880 v6,New Balance,Sneakers,Unisex
13ZS20964600,Triumph 22,Saucony,Running Shoes,Unisex
112UA950CB1,950,New Balance,Running Shoes,Men
112UA950SB1,950,New Balance,Running Shoes,Men
1151011B861700,GT-2000 13,Asics,Running Shoes,Men
1151011B974100,Novablast 5,Asics,Running Shoes,Men
112U9060LBA,9060,New Balance,Sneakers,Unisex
108IH2558,Barricade 13,Adidas,Tennis Shoes,Men
1151011B875101,Magic Speed 4,Asics,Running Shoes,Men
1151041A522965,Court FF 3 Novak,Asics,Tennis Shoes,Men
108JR6364,Adizero Adios Pro 4,Adidas,Running Shoes,Men
1661164770BLK,Grandview Max,Teva,Sandals,Men
112U370AH,370,New Balance,Sneakers,Unisex
185216518NVY,Go Walk Arch Fit 2.0,Skechers,Casual Footwear,Men
108IH8607,Lightblaze,Adidas,Running Shoes,Unisex
108JH6941,Lightblaze,Adidas,Running Shoes,Unisex
112MARISTG4,Fresh Foam Arishi v4,New Balance,Running Shoes,Men
112U1906RCE,1906R,New Balance,Sneakers,Unisex
112U9060LBD,9060,New Balance,Sneakers,Unisex
108JH6944,Lightblaze,Adidas,Running Shoes,Unisex
1151011B958400,Gel-Nimbus 27,Asics,Running Shoes,Men
1151011B974500,Novablast 5,Asics,Running Shoes,Men
1151041A370104,Court FF 3,Asics,Tennis Shoes,Men
1661164770DKG,Grandview Max,Teva,Sandals,Men
112U1906RCG,1906R,New Balance,Sneakers,Unisex
1CB2099811366,Konos Trs Outdry,Columbia,Hiking Shoes,Men
1CS100016ZW,Classic Clog,Crocs,涼鞋,Unisex
1CS2109796XX,Stomp Fisherman Pearl Sandal,Crocs,涼鞋,Unisex
15671GA253310,Sky Blaster 4,Mizuno,Badminton Shoes,Unisex
156P1GA252637,MONARCIDA NEO III SELECT AG,Mizuno,Football Shoes,Unisex
156P1GD252537,MONARCIDA NEO III SELECT AS,Mizuno,Football Shoes,Unisex
156V1GA258052,Cyclone Speed 5,Mizuno,Volleyball Shoes,Unisex
1CS21087790H,"Monsters, Inc. Sulley Classic Cozzzy Sandal",Crocs,涼鞋,Unisex
156V1GA237097,Thunder Blade Z,Mizuno,Volleyball Shoes,Unisex
1CS21082690H,Dragon Ball Z Classic Clog,Crocs,涼鞋,Unisex
1661017419CRWN,Winsted,Teva,Sandals,Men
185220840WWBKCC,Max Cushion Premier 2.0,Skechers,Running Shoes,Men
185220840WWNVY,Max Cushion Premier 2.0,Skechers,Running Shoes,Men
15671GA253311,Sky Blaster 4,Mizuno,Badminton Shoes,Unisex
1CS21087590H,"Monsters, Inc. Mike Classic Clog",Crocs,涼鞋,Unisex
1HK1143490SYJ,Cielo Road,Hoka,Running Shoes,Unisex
1HK1147952ARDS,Tor Summit,Hoka,Trail Running Shoes,Unisex
108JQ0174,Gazelle Indoor,Adidas,Sneakers,Unisex
1HK1134532STLLT,Restore TC,Hoka,Casual Footwear,Unisex
1HK1155150BZY,Speedgoat 6 GORE-TEX,Hoka,Hiking Shoes,Men
108JR0090,Ozmillen CNY,Adidas,Sneakers,Unisex
108JH8797,Samba OG,Adidas,Sneakers,Unisex
185216354BKGR,Go Walk Max Cush Arch Fit,Skechers,Running Shoes,Men
1HK1162532BBLC,KAHA 3 LOW GORE-TEX,Hoka,Hiking Shoes,Men
1HK1162532RWL,KAHA 3 LOW GORE-TEX,Hoka,Hiking Shoes,Men
1HK1147830PTYB,Speedgoat 6 Wide,Hoka,Hiking Shoes,Men
1HK1134532SCCP,Restore TC,Hoka,Casual Footwear,Unisex
108JQ2974,XLG Runner Deluxe,Adidas,Running Shoes,Unisex
1HK1134501FBBLC,Challenger ATR GORE-TEX,Hoka,Hiking Shoes,Men
1HK1155154BWHT,Ora Athletic Slide,Hoka,Slippers,Unisex
1HK1155154WBLC,Ora Athletic Slide,Hoka,Slippers,Unisex
108JQ5976,Samba OG,Adidas,Sneakers,Unisex
108JR0093,Campus CNY Lea,Adidas,Sneakers,Unisex
108JR6372,Adizero Adios Pro 4,Adidas,Running Shoes,Men
108JR8036,adidas Superstar,Adidas,Sneakers,Unisex
1CS21082790H,Nascarrealtree Classic Clog,Crocs,涼鞋,Unisex
1CS2105816ZW,Classic Mary Jane,Crocs,Sandals,Unisex
1CS21058178R,Classic Mary Jane Clog,Crocs,涼鞋,Unisex
1CS2109276ZR,Classic Floral Cutout Clog,Crocs,涼鞋,Unisex
1CS2109276ZW,Classic Floral Cutout Clog,Crocs,涼鞋,Unisex
1HK1155130WWH,Rincon 4,Hoka,Running Shoes,Men
1CS2109270WV,Classic Floral Cutout Clog,Crocs,Sandals,Unisex
10K39766403,Shibui Mule Winterized Slip-On Shoes,PUMA come from PUMA merchant,未知類型,Unisex
10K39766402,Shibui Mule Winterized Slip-On Shoes,PUMA come from PUMA merchant,未知類型,Unisex
10K39766401,Shibui Mule Winterized Slip-On Shoes,PUMA come from PUMA merchant,未知類型,Unisex
112U370AE,370,New Balance,Sneakers,Unisex
112U370AA,370,New Balance,Sneakers,Unisex
108JS0646,A.E. 1 Low,Adidas,Basketball Shoes,Men
108JQ0175,Gazelle Indoor,Adidas,Sneakers,Unisex
112M680CK8,Fresh Foam 680 V8,New Balance,Running Shoes,Men
112ML725BA,ML725V1,New Balance,Sneakers,Unisex
112MR530SX,530,New Balance,Sneakers,Unisex
112MR530SZ,530,New Balance,Sneakers,Unisex
112ML725BC,ML725V1,New Balance,Sneakers,Unisex
1661019234AVL,Hurricane XLT2,Teva,Sandals,Men
108JQ6139,Anthony Edwards 1 Low Trainers,Adidas,Basketball Shoes,Men
108JR1094,Adizero Adios Pro 4,Adidas,Running Shoes,Men
108JQ2552,Adizero Boston 12,Adidas,Running Shoes,Men
1661019234AHVW,Hurricane XLT2,Teva,Sandals,Men
1661150510HDR,Hydratrek,Teva,Sandals,Men
1661150921DGGR,Hydratrek Flip,Teva,Slippers,Men
1661150510CVRL,Hydratrek,Teva,Sandals,Men
1661019180WPPP,Omnium 2,Teva,Hiking Shoes,Men
112U574LGBP,574 Legacy,New Balance,Sneakers,Unisex
112UW1880S1,Fresh Foam 1880 v1,New Balance,Sneakers,Unisex
1661134357UNX,Outflow CT,Teva,Hiking Shoes,Men
108IH2640,Ultrarun 5,Adidas,Running Shoes,Men
108JH9712,Stan Smith,Adidas,Sneakers,Unisex
112U574LGOB,574 Legacy,New Balance,Sneakers,Unisex
185216641WWCCBL,Go Walk 7,Skechers,Casual Footwear,Men
112U574RBL,574,New Balance,Sneakers,Unisex
1664168NVN,Mush II,Teva,Slippers,Men
108JH6206,Adizero Evo SL,Adidas,Running Shoes,Men
185216641WWBKW,Go Walk 7,Skechers,Casual Footwear,Men
112M1080W14,Fresh Foam X 1080 v14,New Balance,Running Shoes,Men
112UW1880G1,Fresh Foam 1880 v1,New Balance,Sneakers,Unisex
112M1906RWA,1906R,New Balance,Sneakers,Unisex
112ML725CD,ML725V1,New Balance,Sneakers,Unisex
112M1906RWE,1906R,New Balance,Sneakers,Unisex
1151273A092600,Winjob CP219 BOA,Asics,Working Shoes,Unisex
1151273A055750,Winjob CP113,Asics,Working Shoes,Unisex
108JH9647,City RNR,Adidas,Sneakers,Unisex
1151273A062001,Winjob CP120,Asics,Working Shoes,Unisex
1CB2076892033,Strata Trail Low Waterproof Wide,Columbia,Hiking Shoes,Men
1CB2076892227,Strata Trail Low Waterproof Wide,Columbia,Hiking Shoes,Men
10K31019501,Deviate NITRO™ 3 Marathon Series Men's Running Shoes,PUMA come from PUMA merchant,未知類型,Men
1CS209964001,InMotion Clog,Crocs,涼鞋,Unisex
1CS2099641FT,InMotion Clog,Crocs,Sandals,Unisex
1CS209964410,InMotion Clog,Crocs,涼鞋,Unisex
108JI0836,City Runner,Adidas,Sneakers,Unisex
108JQ0176,Gazelle Indoor,Adidas,Sneakers,Unisex
1CS2110150LL,Stomp Pearl Loafer,Crocs,涼鞋,Unisex
108JI0831,City Runner,Adidas,Sneakers,Unisex
108JS0322,Ultradrea DNA,Adidas,Running Shoes,Men
1CS2099380LL,Stomp Fisherman Sandal,Crocs,涼鞋,Unisex
1CS2096826ZR,Classic Valentine's Day Clog,Crocs,Sandals,Unisex
1CS2110056ZQ,Classic Iridescent Glitter Clog,Crocs,Sandals,Unisex
1CS2110054WD,Classic Iridescent Glitter Clog,Crocs,涼鞋,Unisex
108IH0856,Litecourt,Adidas,Sneakers,Unisex
108JI0880,Runfalcon 5,Adidas,Running Shoes,Men
108JP7114,Litecourt,Adidas,Sneakers,Men
108JR5089,Runfalcon 5,Adidas,Running Shoes,Men
108IE8784,Ultrarun 5,Adidas,Running Shoes,Men
108IE8788,Ultrarun 5,Adidas,Running Shoes,Men
108IE8783,Ultrarun 5,Adidas,Running Shoes,Men
108IH2639,Ultrarun 5,Adidas,Running Shoes,Men
112MEVOVCA,Fresh Foam X Evoz ST,New Balance,Running Shoes,Men
1HK1141570ORZ,Ora Primo,Hoka,Sneakers,Unisex
112M880GA14,Fresh Foam X 880 v14 GORE-TEX,New Balance,Running Shoes,Men
108IG6649,Harden Volume 8,Adidas,Basketball Shoes,Men
1HK1141470FBBLC,Clifton 9 GORE-TEX,Hoka,Running Shoes,Men
1HK1155130ARK,Rincon 4,Hoka,Running Shoes,Men
1CS110330DD,Crocband Flip,Crocs,涼鞋,Unisex
1CS110330EX,Crocband Flip,Crocs,涼鞋,Unisex
1HK1127895OKLB,Clifton 9,Hoka,Running Shoes,Men
185232463BBK,D'Lux Walker 2.0,Skechers,Casual Footwear,Men
108JR5859,Adizero Boston 12,Adidas,Running Shoes,Unisex
108IH0474,Climawarm,Adidas,Running Shoes,Unisex
112M2002RRD,2002R,New Balance,Sneakers,Unisex
112MTHIGA8,Fresh Foam X Hierro v8 GORE-TEX,New Balance,Hiking Shoes,Men
112U9060ZGB,9060,New Balance,Sneakers,Unisex
112M1080M14,Fresh Foam X 1080 v14,New Balance,Running Shoes,Men
108ID8755,Galaxy 7,Adidas,Sneakers,Men
1CS100013YO,Classic Clog,Crocs,Sandals,Unisex
1CS100016ZQ,Classic Clog,Crocs,Sandals,Unisex
129L47592500,X-Adventure GORE-TEX,Salomon,Hiking Shoes,Men
1151011B900001,Novablast 4 Lite-Show,Asics,Running Shoes,Men
1151011B949001,Gel-Kayano 31,Asics,Running Shoes,Men
13ZS708321,Progrid Omni 9,Saucony,Sneakers,Men
1151011B953001,GT-2000 13,Asics,Running Shoes,Men
13ZS20933246,Hurricane 24,Saucony,Running Shoes,Men
13ZS20936202,Guide 17,Saucony,Running Shoes,Men
13ZS708442,Progrid Omni 9,Saucony,Sneakers,Men
1151011B948001,Gel-Cumulus 26,Asics,Running Shoes,Men
108JQ2393,Harden Volume 8,Adidas,Basketball Shoes,Men
1CS21022490H,Squid Game Classic Clog,Crocs,Sandals,Unisex
108IE1435,Superstar Home,Adidas,Sneakers,Unisex
108IE8818,Runfalcon 5,Adidas,Running Shoes,Men
108JH6378,Gazelle,Adidas,Sneakers,Unisex
185183193BBK,Moonhiker,Skechers,Casual Footwear,Men
108IH6012,Cloudfoam Comfy,Adidas,Sneakers,Men
185220525BLK,Max Cushioning Premier 2.0,Skechers,Running Shoes,Men
185220525GRY,Max Cushioning Premier 2.0,Skechers,Running Shoes,Men
129L47518700,Genesis GORE-TEX,Salomon,Hiking Shoes,Men
108JH6379,Gazelle,Adidas,Sneakers,Unisex
185183193NVY,Moonhiker,Skechers,Casual Footwear,Men
108IH6021,Cloudfoam Comfy,Adidas,Sneakers,Men
108IF6490,Handball Spezial,Adidas,Sneakers,Unisex
129L47594300,Supercross 4 GORE-TEX,Salomon,Hiking Shoes,Men
112MTMORNB1,Fresh Foam X Trail More v3,New Balance,Hiking Shoes,Men
1151011B687400,GT-2000 12 GORE-TEX,Asics,Running Shoes,Men
1151011B857001,GT-1000 13 GORE-TEX,Asics,Running Shoes,Men
1151011B801003,GEL Trabuco 12 GORE-TEX,Asics,Trail Running Shoes,Men
112U1080J13,Fresh Foam X 1080 Utility,New Balance,Running Shoes,Unisex
10K10768903,ULTRA 5 PLAY FG/AG Football Boots,PUMA come from PUMA merchant,未知類型,Unisex
10K10793703,FUTURE 7 MATCH TT Football Boots,PUMA come from PUMA merchant,未知類型,Unisex
10K10793903,FUTURE 7 PLAY FG/AG Football Boots,PUMA come from PUMA merchant,未知類型,Unisex
10K10768303,ULTRA 5 ULTIMATE FG Football Boots,PUMA come from PUMA merchant,未知類型,Unisex
10K10789503,ULTRA 5 MATCH IT Football Boots,PUMA come from PUMA merchant,未知類型,Unisex
10K10790703,ULTRA 5 PLAY IT Football Boots,PUMA come from PUMA merchant,未知類型,Unisex
10K10793103,FUTURE 7 MATCH FG/AG Football Boots,PUMA come from PUMA merchant,未知類型,Unisex
10K10793603,FUTURE 7 MATCH IT Football Boots,PUMA come from PUMA merchant,未知類型,Unisex
108IF1482,Ultraboost 5,Adidas,Running Shoes,Men
10K10768703,ULTRA 5 MATCH FG/AG Football Boots,PUMA come from PUMA merchant,未知類型,Unisex
10K10789203,ULTRA 5 MATCH TT Football Boots,PUMA come from PUMA merchant,未知類型,Unisex
10K10791603,FUTURE 7 ULTIMATE FG/AG Football Boots,PUMA come from PUMA merchant,未知類型,Unisex
10K10794203,FUTURE 7 PLAY IT Football Boots,PUMA come from PUMA merchant,未知類型,Unisex
1BK1027621,Boston Eva Stone Coin,Birkenstock,Slippers,Men
1BK1027381,Boston Eva Eggshell,Birkenstock,Slippers,Men
108ID3599,Supernova Rise,Adidas,Running Shoes,Men
1BK1028566,Barbados Eva,Birkenstock,Slippers,Men
112UWRPDCCE,WRPD Runner,New Balance,Sneakers,Unisex
112UWRPDFCB,WRPD Runner,New Balance,Sneakers,Unisex
112M1080N14,Fresh Foam X 1080 v14,New Balance,Running Shoes,Men
1151011B861001,GT-2000 13,Asics,Running Shoes,Men
1151011B861020,GT-2000 13,Asics,Running Shoes,Men
185232704CHAR,Arch Fit 2.0,Skechers,Casual Footwear,Men
185232704OLV,Arch Fit 2.0,Skechers,Casual Footwear,Men
185200022ECBLK,Max Cushioning Elite SR,Skechers,Working Shoes,Men
1151011B864001,Gel-Cumulus 26 GORE-TEX,Asics,Running Shoes,Men
112U1080I13,1080,New Balance,Running Shoes,Unisex
112U574RBG,574,New Balance,Sneakers,Unisex
108ID5695,Defiant Speed 2,Adidas,Tennis Shoes,Men
108IH0070,Vento XLG Deluxe,Adidas,Running Shoes,Unisex
112MR530ASR,530,New Balance,Sneakers,Unisex
1HK1123202EQB,Bondi 8,Hoka,Running Shoes,Men
1HK1141632FBBLC,Anacapa 2 Low GORE-TEX,Hoka,Hiking Shoes,Men
1HK1147850EGR,Arahi 7,Hoka,Running Shoes,Men
112M1906NE,1906 Utility,New Balance,Sneakers,Unisex
185216639BKOR,Go Walk 7,Skechers,Casual Footwear,Men
185220839TPE,Max Cushion Premier 2.0,Skechers,Running Shoes,Men
185216639GYBL,Go Walk 7,Skechers,Casual Footwear,Men
112MFCPRLK5,Fuelcell Propel V5,New Balance,Running Shoes,Men
1HK1155130HKC,Rincon 4,Hoka,Running Shoes,Men
1HK1127895FCK,Clifton 9,Hoka,Running Shoes,Men
10K39925008,Puma R78 Nylon Retro Sneakers,PUMA come from PUMA merchant,未知類型,Unisex
10K39925007,Puma R78 Nylon Retro Sneakers,PUMA come from PUMA merchant,未知類型,Unisex
10K39925006,Puma R78 Nylon Retro Sneakers,PUMA come from PUMA merchant,未知類型,Unisex
108IF6376,Predator League Turf Boots,Adidas,Football Shoes,Men
108IF1335,F50 League Turf Boots,Adidas,Football Shoes,Men
108IF1346,F50 Club Indoor Boots,Adidas,Football Shoes,Men
108IF6406,Predator Club Indoor Sala Boots,Adidas,Football Shoes,Men
108JI4065,A.E. 1 LOW,Adidas,Basketball Shoes,Men
108IF6391,Predator League Indoor Boots,Adidas,Football Shoes,Men
108IG8716,Copa Pure 2 League Firm Ground Boots,Adidas,Football Shoes,Men
1HK1155150STLV,Speedgoat 6 GORE-TEX,Hoka,Hiking Shoes,Men
108IF6313,Predator League 2G/3G Artificial Grass Boots,Adidas,Football Shoes,Men
108IF6349,Predator League Firm Ground Boots,Adidas,Football Shoes,Men
108IG8720,Copa Pure 2 League Turf Boots,Adidas,Football Shoes,Men
1HK1147833FTG,Mach 6 Wide,Hoka,Running Shoes,Men
108IF1329,F50 League Artifici AL Grass Boots,Adidas,Football Shoes,Men
108IG8723,Copa Pure 2 League Artificial Grass Boots,Adidas,Football Shoes,Men
108ID6509,Cloudfoam Move Lounger,Adidas,Sneakers,Men
108ID6512,Cloudfoam Move Lounger,Adidas,Sneakers,Men
1HK1141570FRRR,Ora Primo,Hoka,Trail Running Shoes,Unisex
185183083WGY,Tres Air Uno,Skechers,Causual Footwear,Men
1151011B693301,NOVABLAST 4,Asics,Sneakers,Men
108IE0602,F50 League Firm/Multi-Ground Boots,Adidas,Football Shoes,Men
112MMORLW5,Fresh Foam X More v5,New Balance,Running Shoes,Men
1HK1147790FTG,Mach 6,Hoka,Running Shoes,Men
1HK1133957FBLCKB,Transport GORE-TEX,Hoka,Hiking Shoes,Men
1HK1134532DOTN,Restore TC,Hoka,Casual Footwear,Unisex
1151041A405103,Gel-Challenger 14,Asics,Tennis Shoes,Men
13ZS20768221,Endorphin Elite,Saucony,Running Shoes,Men
13ZS20964217,Triumph 22,Saucony,Running Shoes,Men
13ZS20964215,Triumph 22,Saucony,Running Shoes,Men
1151011B792022,Gel-Cumulus 26,Asics,Running Shoes,Men
13ZS20940222,Endorphin Speed 4,Saucony,Running Shoes,Men
108JR2731,Adizero Boston 12,Adidas,Running Shoes,Unisex
1151011B861800,GT-2000 13,Asics,Running Shoes,Men
108ID8628,Dropset 3,Adidas,Sneakers,Unisex
1151011B861002,GT-2000 13,Asics,Running Shoes,Men
1151011B861021,GT-2000 13,Asics,Running Shoes,Men
1151011B861300,GT-2000 13,Asics,Running Shoes,Men
1151011B867100,Gel-Kayano 31,Asics,Running Shoes,Men
108IF1211,Adizero Takumi Sen 10,Adidas,Running Shoes,Men
1151051A080100,Sky Elite FF 3,Asics,Volleyball Shoes,Men
112M1906RES,1906R,New Balance,Sneakers,Unisex
112M1906REU,1906R,New Balance,Sneakers,Unisex
1CS210059001,Classic Lined Overpuff Clog,Crocs,Sandals,Unisex
1CS210059100,Classic Lined Overpuff Clog,Crocs,Sandals,Unisex
129L47686200,X Ultra Alpine GORE-TEX,Salomon,Hiking Shoes,Men
129L47686300,X Ultra Alpine GORE-TEX,Salomon,Hiking Shoes,Men
108ID6306,Supernova GORE-TEX,Adidas,Running Shoes,Unisex
108ID8749,Galaxy 7,Adidas,Sneakers,Men
1151011B867301,Gel-Kayano 31,Asics,Running Shoes,Men
108ID3635,Adizero Adios Pro 3,Adidas,Running Shoes,Men
108JI2585,Gazelle,Adidas,Sneakers,Unisex
108JI2586,Gazelle,Adidas,Sneakers,Unisex
1151011B875100,Magic Speed 4,Asics,Running Shoes,Men
1CS10001302,Classic Clog,Crocs,Sandals,Unisex
1151011B875400,Magic Speed 4,Asics,Running Shoes,Men
10K10789201,ULTRA 5 MATCH TT Football Boots,PUMA come from PUMA merchant,未知類型,Unisex
10K10790701,ULTRA 5 PLAY IT Football Boots,PUMA come from PUMA merchant,未知類型,Unisex
10K10793901,FUTURE 7 PLAY FG/AG Football Boots,PUMA come from PUMA merchant,未知類型,Unisex
10K10771503,FUTURE 7 MATCH FG/AG Men's Football Boots,PUMA come from PUMA merchant,未知類型,Men
10K10768701,ULTRA 5 MATCH FG/AG Football Boots,PUMA come from PUMA merchant,未知類型,Unisex
112M2002WD,2002W,New Balance,Sneakers,Unisex
112M2002WB,2002W,New Balance,Sneakers,Unisex
108IF9211,Adizero Boston 12,Adidas,Running Shoes,Men
1CS21052790H,Slytherin Classic Clog,Crocs,Sandals,Unisex
1CS21052990H,Hufflepuff Classic Clog,Crocs,Sandals,Unisex
1CS21052890H,Ravenclaw Classic Clog,Crocs,Sandals,Unisex
1CS21055390H,Gryffindor Classic Clog,Crocs,Sandals,Unisex
1CS21056190H,Classic Nightmare Before Christmas Clog,Crocs,Sandals,Unisex
10K10768901,ULTRA 5 PLAY FG/AG Football Boots,PUMA come from PUMA merchant,未知類型,Unisex
10K10789501,ULTRA 5 MATCH IT Football Boots,PUMA come from PUMA merchant,未知類型,Unisex
10K10793101,FUTURE 7 MATCH FG/AG Football Boots,PUMA come from PUMA merchant,未知類型,Unisex
10K10794201,FUTURE 7 PLAY IT Football Boots,PUMA come from PUMA merchant,未知類型,Unisex
10K10772603,FUTURE 7 PLAY TT Men's Football Boots,PUMA come from PUMA merchant,未知類型,Men
10K10775803,ULTRA MATCH IT Men's Football Boots,PUMA come from PUMA merchant,未知類型,Men
10K10772703,FUTURE 7 PLAY IT Men's Football Boots,PUMA come from PUMA merchant,未知類型,Men
10K10775403,ULTRA MATCH FG/AG Football Boots,PUMA come from PUMA merchant,未知類型,Unisex
10K10793601,FUTURE 7 MATCH IT Football Boots,PUMA come from PUMA merchant,未知類型,Unisex
10K10793701,FUTURE 7 MATCH TT Football Boots,PUMA come from PUMA merchant,未知類型,Unisex
1CS2059426ZR,Classic Glitter Clog,Crocs,Sandals,Unisex
108JS1193,Taekwondo Lace Shoe,Adidas,Sneakers,Unisex
108ID3620,Adizero Takumi Sen 10,Adidas,Running Shoes,Men
108JS1194,Taekwondo Lace Shoe,Adidas,Sneakers,Unisex
1151103A112102,DS Light Club TF (2E),Asics,Football Shoes,Unisex
112UWRPDFCA,WRPD Runner,New Balance,Sneakers,Unisex
1HK1155119FCT,Mach x 2,Hoka,Running Shoes,Men
156P1GA241625,Morelia II Club,Mizuno,Football Shoes,Men
108JI4068,AE 1 Ascent Low,Adidas,Basketball Shoes,Men
1151011B867402,Gel-Kayano 31,Asics,Running Shoes,Men
112MTHIERF8,Fresh Foam X Hierro v8,New Balance,Hiking Shoes,Men
108JH9848,Adilette Clogs,Adidas,Sandals,Unisex
108ID8757,Galaxy 7,Adidas,Running Shoes,Men
1CS210738001,Classic Lined Buff Check Clog,Crocs,Sandals,Unisex
